iter	Logloss
0	0.6414137304
1	0.5982858112
2	0.5616439259
3	0.5314177195
4	0.5052302712
